epoch,train_loss,train_accuracy,val_loss,val_accuracy,val_f1_macro,epoch_seconds,val_seconds,lr_head,lr_backbone
1,0.3678476875960427,0.8822357382550335,0.28317555316477927,0.9086053412462908,0.9091988694751263,85.12815829995088,44.26730559999123,0.001,0.001
2,0.1500069433260684,0.9535444630872483,0.28115168813428115,0.9169139465875371,0.917718037326535,45.37669479998294,4.928133699926548,0.0009972609476841367,0.0009972609476841367
3,0.1067629916805949,0.9643456375838926,0.3169326260287967,0.9062314540059347,0.9075254065698815,37.40498839993961,4.847672799951397,0.0009890738003669028,0.0009890738003669028
4,0.06965577493627999,0.9768246644295302,0.25395614365088126,0.9275964391691395,0.9280779295921074,40.87028289993759,4.0362088000401855,0.0009755282581475768,0.0009755282581475768
5,0.05589961974362799,0.9829068791946308,0.32870509960531125,0.9115727002967359,0.9117572855109246,38.31747439992614,4.179747899994254,0.0009567727288213003,0.0009567727288213003
6,0.07146461155490587,0.9758808724832215,0.4528140062748148,0.88486646884273,0.8867406937598584,40.33887059998233,4.312422599992715,0.0009330127018922195,0.0009330127018922195
7,0.048813498685223944,0.9826971476510067,0.36726027730664446,0.9121661721068249,0.9126038132484501,44.807820299989544,4.2145196999190375,0.0009045084971874739,0.0009045084971874739
8,0.06412527892713579,0.9798657718120806,0.36785574889678274,0.9109792284866469,0.912233535536413,37.89892880001571,4.766541299992241,0.0008715724127386972,0.0008715724127386972
9,0.0407572012244655,0.9860528523489933,0.28348771347843926,0.9287833827893175,0.9289852009295605,40.347799099981785,4.312288100016303,0.0008345653031794292,0.0008345653031794292
10,0.02333651954345655,0.9925545302013423,0.3314605189537082,0.9186943620178042,0.9197543723366655,38.82762430002913,4.652327999938279,0.0007938926261462366,0.0007938926261462366
11,0.025327010355239748,0.9911912751677853,0.36260047758368424,0.9121661721068249,0.9117054587145671,40.360156400012784,4.287064099917188,0.00075,0.00075
12,0.017614138631412646,0.9937080536912751,0.3741706791546649,0.9181008902077151,0.9189881942260004,41.0858850000659,4.510243600001559,0.0007033683215379003,0.0007033683215379003
13,0.027884232892886104,0.990981543624161,0.35385649904652944,0.9198813056379822,0.9204082822881077,37.408875999972224,2.4797017999226227,0.0006545084971874739,0.0006545084971874739
14,0.015460985456437072,0.9951761744966443,0.32680915342947847,0.9299703264094955,0.9301186599089234,38.52265159995295,4.170904799946584,0.0006039558454088797,0.0006039558454088797
15,0.004837068647846279,0.9987416107382551,0.4429097392085044,0.9044510385756677,0.9044480941381308,39.79725529998541,4.214215800049715,0.0005522642316338269,0.0005522642316338269
16,0.010817170768176149,0.9966442953020134,0.3771707113489553,0.9252225519287833,0.9256194843750039,40.32614279992413,3.992204500013031,0.0005000000000000002,0.0005000000000000002
17,0.008819700875038269,0.99748322147651,0.34801647631280147,0.9281899109792285,0.9279978551172281,38.679307500016876,3.737881000037305,0.0004477357683661734,0.0004477357683661734
18,0.005967085931025095,0.9979026845637584,0.3505641762509898,0.9287833827893175,0.9294621456398188,44.41933770000469,4.727356299990788,0.00039604415459112036,0.00039604415459112036
19,0.004728780259322,0.9985318791946308,0.3448872985754947,0.9353115727002967,0.9351627555884731,37.23251799994614,3.4112538000335917,0.0003454915028125264,0.0003454915028125264
20,0.0028470384469568327,0.9991610738255033,0.37205972678583527,0.9287833827893175,0.9288840479251497,40.489948100061156,4.523739999975078,0.0002966316784621,0.0002966316784621
21,0.0012428272115504182,0.9996854026845637,0.3378426216476395,0.9364985163204748,0.9366740697677164,41.463907700031996,4.453611900098622,0.00025000000000000017,0.00025000000000000017
22,0.0010367362766257869,0.9996854026845637,0.36979401967645753,0.9359050445103858,0.9362973421808058,38.57871110003907,4.450806699926034,0.00020610737385376354,0.00020610737385376354
23,0.002149310488028814,0.9994756711409396,0.372000641072893,0.9347181008902077,0.9346920446282281,45.014576700050384,5.109129099990241,0.00016543469682057108,0.00016543469682057108
24,0.00242104695097312,0.9993708053691275,0.3903624516212622,0.9335311572700297,0.9333515490723878,41.55623410001863,4.366097399964929,0.00012842758726130298,0.00012842758726130298
25,0.001989472269911894,0.9993708053691275,0.3692584513202973,0.9388724035608309,0.938661332310877,39.21100450004451,3.37598050001543,9.549150281252637e-05,9.549150281252637e-05
26,0.001727589687345012,0.9994756711409396,0.38159901193765927,0.9347181008902077,0.934831649666719,42.12886789999902,3.8262037999229506,6.698729810778068e-05,6.698729810778068e-05
27,0.0014531206489609393,0.9995805369127517,0.39046603890484094,0.9347181008902077,0.934673033328034,42.50005030003376,4.553458199952729,4.322727117869953e-05,4.322727117869953e-05
28,0.000634324655636845,0.9998951342281879,0.3768505586714702,0.9347181008902077,0.9347073136198488,44.64619210001547,4.448483299929649,2.447174185242324e-05,2.447174185242324e-05
29,0.0006791567742424524,0.9997902684563759,0.36863764895883444,0.9353115727002967,0.9352122433835901,42.49042200006079,4.76068970002234,1.092619963309716e-05,1.092619963309716e-05
30,0.0008507013545940386,0.9998951342281879,0.3695429098004757,0.9359050445103858,0.9358113919732527,42.15486859995872,4.484165500034578,2.7390523158633003e-06,2.7390523158633003e-06
