epoch,train_loss,train_accuracy,val_loss,val_accuracy,val_f1_macro,epoch_seconds,learning_rate
1,2.026261159544645,0.27740515615175015,1.8971618833456974,0.32997032640949553,0.29992569570810773,17.663287099996523,0.0003
2,1.8293682698857683,0.3635506183190107,1.6905726945011128,0.4403560830860534,0.42984095724739557,16.77088209999056,0.0003
3,1.7305536951765876,0.41259693984489626,1.676003946819362,0.4379821958456973,0.43241882386814584,16.802395499995328,0.0003
4,1.6829878759693984,0.43376650597359045,1.5800294417655787,0.47418397626112757,0.4606824746183811,16.832844500000647,0.0003
5,1.6318794335241564,0.45692726891636976,1.5840710195660237,0.4664688427299703,0.45654126713891763,16.702778300001228,0.0003
6,1.5896562565499894,0.4745336407461748,1.4855378917841247,0.5181008902077151,0.5119007148431076,16.69907129999774,0.0003
7,1.5335221299583421,0.5046111926220918,1.4747849823813057,0.5216617210682493,0.5229022547340251,16.741329999997106,0.0003
8,1.4884504239480716,0.5235799622720604,1.4842922674795993,0.5311572700296736,0.53323156862132,16.827783800006728,0.0003
9,1.4803237291382834,0.5222175644518969,1.4185694663390207,0.5602373887240356,0.5635319727370274,16.834416499994404,0.0003
10,1.429073643169671,0.5459023265562775,1.402067878338279,0.5649851632047478,0.5570822319588634,16.65363300000172,0.0003
11,1.4126453483611927,0.5520855166631733,1.4403652111925074,0.5489614243323442,0.5540219870092313,17.242625200000475,0.0003
12,1.3882074398055964,0.5622511003982393,1.3896740831324184,0.5768545994065282,0.5758362235298491,16.814824699991732,0.0003
13,1.3609679779199853,0.5717878851393837,1.3646782849591987,0.5804154302670623,0.5774326259303579,16.82019930000388,0.0003
14,1.3455340533955145,0.5822678683714106,1.373368821865727,0.5792284866468843,0.5832232926104112,16.81498969999666,0.0003
15,1.3253455528846154,0.5932718507650387,1.3459756641784124,0.5839762611275965,0.5831959742769128,16.714717499999097,0.0003
16,1.3185856566691994,0.5915950534479145,1.379044330721439,0.5792284866468843,0.5786846181973408,16.800273699998797,0.0003
17,1.2824207082831167,0.6040662334940264,1.318518175074184,0.6077151335311572,0.604261697711409,16.818697499991686,0.0003
18,1.2841243196198386,0.6032278348354643,1.352087293675816,0.5934718100890207,0.5911882872434927,16.852912499998638,0.0003
19,1.2579934434604905,0.6170614127017396,1.2982923196402076,0.6071216617210683,0.6048663516416946,16.905673899993417,0.0003
20,1.2331991745375708,0.6219870048207923,1.340957668768546,0.6047477744807122,0.5993685267387538,16.85380559999612,0.0003
