model,dropout,parameters,best_epoch,best_val_loss,test_loss,test_accuracy,minutes,peak_vram_gb,macro_precision,macro_recall,macro_f1,weighted_f1
M1-01,0.2,25233161,1,12.635522842407227,10.01165771484375,0.0,0.016704145000160982,0.5425491333007812,0.0,0.0,0.0,0.0
M1-02,0.2,151945,1,2.16107177734375,2.258056640625,0.0,0.1263849300002524,0.7529110908508301,0.0,0.0,0.0,0.0
M1-03,0.2,357129,1,2.1839599609375,2.160888671875,0.0,0.061773588331804304,0.7133908271789551,0.0,0.0,0.0,0.0
M1-04,0.2,94857,1,2.22027587890625,2.2967529296875,0.0,0.0019216133320393662,0.6149859428405762,0.0,0.0,0.0,0.0
M1-01,0.2,25233161,33,1.8441685888816766,2.0770266497576677,0.23726851851851852,0.6377625916657659,0.6782708168029785,0.239945396747132,0.24054138522152288,0.21944447511053813,0.2245642829958172
M1-01,0.5/0.3,25233161,42,1.8489078148182492,2.102381812201606,0.20717592592592593,1.0230424516679097,0.6782708168029785,0.2509763970549195,0.22310784838876208,0.20136246650932657,0.2098918319240923
M1-01,0.5/0.3,25233161,42,1.8489078148182492,2.102381812201606,0.20717592592592593,1.000532274999811,0.6782708168029785,0.2509763970549195,0.22310784838876208,0.20136246650932657,0.2098918319240923
M1-02,0.3,151945,46,1.0169106141042286,1.2744496663411458,0.5844907407407407,28.048871808332237,6.455314636230469,0.592976427976605,0.5862827231811557,0.579840625775121,0.5909952995835333
M1-03,0.3,357129,25,0.9182955507001113,1.181948979695638,0.6076388888888888,21.554875891667326,5.835666656494141,0.6093825048615504,0.6019044053593524,0.5985941452302486,0.6066522504134247
M1-04,none (GAP head),94857,49,1.2200240228579378,1.3216044108072917,0.5613425925925926,34.20580427333286,4.828176021575928,0.5877132099584416,0.554860550462187,0.5304683894421278,0.5411981692632319
M1-01,0.2/0.2,25233161,33,1.8441685888816766,2.0770266497576677,0.23726851851851852,0.6661835399999594,0.6782708168029785,0.239945396747132,0.24054138522152288,0.21944447511053813,0.2245642829958172
M1-02,0.2,151945,49,0.9680662613594213,1.2181551897967304,0.6053240740740741,28.137959078332642,6.455314636230469,0.5991732241537088,0.6028064207029527,0.5949334122716161,0.6064289566115368
M1-03,0.2,357129,32,0.9052586586609792,1.221527099609375,0.6377314814814815,29.964014008332743,5.835666656494141,0.6383733835334342,0.63510980507345,0.6250359912162852,0.634914720192017
M1-04,none (GAP head),94857,20,1.4062508693434719,1.6010958353678386,0.44328703703703703,51.76781250499965,4.828176021575928,0.5012727403390935,0.45589224207217505,0.4299892917163838,0.43622130157987515
